feature,gain,pct_of_total_gain,cum_pct
v257,41998.03092241287,6.054261740045719,6.054261740045719
v258,41303.01207137108,5.954070708560305,12.008332448606025
c1,35300.75174379349,5.088809784252201,17.097142232858225
device_info,33526.02683877945,4.832972811528827,21.93011504438705
c13,26667.91655230522,3.8443361110815992,25.77445115546865
c14,26650.06550884247,3.841762778782851,29.6162139342515
v294,21391.63559770584,3.083729358537028,32.69994329278853
r_emaildomain,15935.90209889412,2.2972534723993663,34.9971967651879
d2,15704.817623376846,2.263941293992066,37.26113805917997
p_emaildomain,15331.267949104309,2.2100919241220165,39.47122998330199
transaction_amt,14710.637073040009,2.1206243542116874,41.591854337513674
id_31,14141.833531856537,2.0386279976836517,43.63048233519733
d15,11535.710257053375,1.6629400883711418,45.29342242356847
v189,8881.83740568161,1.2803687983816487,46.573791221950124
prior_amt_mean,8766.4906976223,1.2637408959275118,47.837532117877636
d10,8399.541095733643,1.2108429650853803,49.04837508296302
card6,8027.5098288059235,1.157212482512941,50.20558756547596
d1,7867.018097877502,1.1340766610276745,51.339664226503636
d4,7865.105806112289,1.133800992987634,52.47346521949127
c11,7816.703660964966,1.1268235407341476,53.60028876022542
c8,7428.953297138214,1.070927058426633,54.67121581865205
id_30,7062.975258111954,1.0181691840523084,55.68938500270436
c4,7041.523210525513,1.0150767459523375,56.7044617486567
id_33,6963.196418762207,1.0037854809054316,57.70824722956213
v308,6344.770381450653,0.9146357513940578,58.62288298095619
c2,5610.777113437653,0.8088263298001817,59.431709310756375
c12,5578.909554481506,0.8042324348317895,60.235941745588164
c5,5490.460029840469,0.7914819186480966,61.02742366423626
c6,5478.621312379837,0.7897752982995014,61.81719896253576
seconds_since_prev_txn,5296.177125453949,0.763474901915687,62.58067386445145
d8,5256.526888370514,0.7577590883862038,63.33843295283765
d3,4926.151182174683,0.710133498473259,64.0485664513109
v313,4895.35827589035,0.7056945209715173,64.75426097228242
v266,4823.32531619072,0.6953105486196375,65.44957152090205
id_20,4806.365118980408,0.6928656370173837,66.14243715791943
v62,4661.68619966507,0.6720093247912178,66.81444648271065
m5,4583.255183696747,0.6607030352157099,67.47514951792635
v317,4501.958833694458,0.648983690984227,68.12413320891058
txn_hour,4320.160262346268,0.6227763638611609,68.74690957277174
c10,4285.591613531113,0.617793090995028,69.36470266376676
v70,4132.233035326004,0.5956855551857835,69.96038821895255
c9,3983.507207632065,0.5742458574526328,70.53463407640518
id_02,3966.84756231308,0.5718442721629845,71.10647834856817
amt_to_prior_mean_ratio,3607.702346086502,0.5200713891500184,71.6265497377182
prior_amt_sum,3601.3173644542694,0.5191509567116896,72.14570069442988
id_17,3515.04127573967,0.5067137540259123,72.65241444845579
v283,3487.5531396865845,0.5027511784775774,73.15516562693337
v315,3409.9262325763702,0.49156080589597523,73.64672643282934
v310,3375.483511209488,0.4865956862078688,74.1333221190372
d11,3249.182329893112,0.46838863237767997,74.60171075141488
id_01,3223.856112718582,0.4647377100774628,75.06644846149234
v45,2999.792648792267,0.43243765154621233,75.49888611303855
product_cd,2805.36625623703,0.4044099501552383,75.90329606319379
v83,2785.0668048858643,0.4014836655423638,76.30477972873615
v87,2639.274790287018,0.3804668941222795,76.68524662285843
v91,2621.7661311626434,0.3779429185279944,77.06318954138642
m6,2573.622342824936,0.37100270991935,77.43419225130577
v82,2566.164983034134,0.3699276878987554,77.80411993920453
v312,2543.779154062271,0.36670063975180933,78.17082057895634
id_19,2488.674717903137,0.3587570130574684,78.52957759201381
log_amount,2487.2729620933533,0.3585549417607512,78.88813253377457
v307,2423.4319281578064,0.3493518834098733,79.23748441718443
v30,2406.0858685970306,0.3468513474934783,79.58433576467792
v53,2368.160057783127,0.3413841200942934,79.9257198847722
v12,2355.3520288467407,0.3395377678284404,80.26525765260065
v201,2334.1830484867096,0.3364861355243859,80.60174378812503
v54,2252.0299804210663,0.32464329037443,80.92638707849946
txn_dow,2235.610992670059,0.3222763972804456,81.2486634757799
v149,2159.1685910224915,0.31125677808765395,81.55992025386756
v320,2152.9363300800323,0.31035836122978705,81.87027861509735
m4,2138.149138689041,0.308226701122993,82.17850531622034
v67,2025.8786673545837,0.2920422561809715,82.47054757240132
id_06,1939.8458988666534,0.2796401295286784,82.75018770192999
id_05,1933.3398339748383,0.27870224223044915,83.02888994416044
v296,1916.2260546684265,0.27623519087097453,83.30512513503142
v75,1854.48659658432,0.26733508696800123,83.57246022199942
id_13,1847.380765914917,0.26631073992581517,83.83877096192523
v61,1846.381591796875,0.26616670313405033,84.10493766505928
v13,1843.3246810436249,0.26572603157374963,84.37066369663303
v76,1774.6448338031769,0.25582542999011376,84.62648912662314
d5,1716.1025955677032,0.24738622402399493,84.87387535064714
v209,1664.1795625686646,0.23990121519836807,85.11377656584551
d12,1577.9579734802246,0.2274718689523871,85.3412484347979
v35,1575.8936972618103,0.227174291464692,85.5684227262626
card4,1553.2442140579224,0.22390923601848708,85.79233196228108
m3,1545.6984910964966,0.22282147593014529,86.01515343821123
v152,1540.1401689052582,0.22202021128410915,86.23717364949533
d6,1536.097179889679,0.22143739077622235,86.45861104027155
v314,1498.2369678020477,0.2159796198170168,86.67459066008857
v285,1495.3093831539154,0.21555759137100042,86.89014825145956
v322,1476.921465396881,0.21290686550337148,87.10305511696293
v38,1450.8757619857788,0.20915222505497222,87.31220734201791
v90,1411.802345275879,0.20351956355527875,87.51572690557319
v20,1393.9067602157593,0.20093981032481492,87.716666715898
v187,1390.7297768592834,0.20048182959663727,87.91714854549464
v130,1324.691994190216,0.1909620970703815,88.10811064256502
v77,1251.3686211109161,0.18039210408415796,88.28850274664919
v281,1248.2929329872131,0.1799487256561062,88.46845147230529
v309,1240.6762726306915,0.17885073952745648,88.64730221183275
v78,1240.6680569648743,0.17884955519118798,88.82615176702394
id_14,1235.3643825054169,0.17808499950473522,89.00423676652868
prior_txn_count,1229.061586856842,0.17717641465653156,89.1814131811852
d14,1202.7448711395264,0.173382706199453,89.35479588738465
v36,1202.0008389949799,0.17327544961510472,89.52807133699976
id_09,1113.0877785682678,0.16045811203739122,89.68852944903715
v39,1075.0740587711334,0.15497821204422774,89.84350766108138
v156,1044.2402951717377,0.1505333447216073,89.99404100580298
txn_count_7d,1043.922730922699,0.15048756597815827,90.14452857178114
m9,1041.6184170246124,0.15015538565532327,90.29468395743646
v133,995.7152094841003,0.14353816987034254,90.4382221273068
v29,960.8078351020813,0.13850606773305577,90.57672819503986
v19,960.6686334609985,0.13848600100251507,90.71521419604238
id_03,955.1196897029877,0.13768608831246887,90.85290028435485
v131,916.1333439350128,0.13206597859819938,90.98496626295305
d13,879.008793592453,0.12671425758131205,91.11168052053436
v333,872.8595762252808,0.12582781194041825,91.23750833247479
v49,861.2078852653503,0.12414815255553271,91.36165648503032
id_18,855.9624495506287,0.1233919923246834,91.48504847735501
v259,837.8403046131134,0.12077957916308896,91.60582805651809
v165,828.0802607536316,0.11937261176909872,91.72520066828719
v127,827.2757532596588,0.11925663730950231,91.84445730559669
v318,823.1678483486176,0.11866445879569036,91.96312176439238
v261,782.1810586452484,0.11275597339058101,92.07587773778296
v66,781.3582124710083,0.11263735530298905,92.18851509308595
d9,777.9157466888428,0.11214110373074547,92.3006561968167
v223,762.24627161026,0.10988225727125024,92.41053845408796
v55,749.2133796215057,0.10800348968151655,92.51854194376948
v267,746.7119772434235,0.10764289790181952,92.6261848416713
v48,728.8290390968323,0.10506496779789334,92.73124980946919
v160,728.778546333313,0.10505768897077668,92.83630749843996
v143,717.9870994091034,0.10350203879389876,92.93980953723387
v289,696.6029133796692,0.10041938333418929,93.04022892056805
id_38,695.4691209793091,0.10025594052985078,93.1404848610979
v311,677.7689349651337,0.09770435521445148,93.23818921631235
v56,677.4660124778748,0.09766068716658038,93.33584990347893
v262,675.9337012767792,0.09743979554678577,93.43328969902572
v44,649.0318350791931,0.09356173422632143,93.52685143325205
v264,648.7330710887909,0.09351866565008896,93.62037009890214
v323,638.912299156189,0.09210294394925234,93.7124730428514
v24,623.7224893569946,0.08991324404461333,93.80238628689601
v99,612.1486625671387,0.08824480923515308,93.89063109613116
v74,611.9286847114563,0.08821309814094072,93.9788441942721
m2,607.3641214370728,0.08755508965375304,94.06639928392585
v128,596.9920740127563,0.08605989836721424,94.15245918229306
v58,595.8784666061401,0.08589936534775523,94.23835854764081
v245,591.3459506034851,0.08524597666218295,94.323604524303
v291,567.3480889797211,0.08178654458213916,94.40539106888514
v102,563.1967673301697,0.08118810729159254,94.48657917617673
v136,554.8125996589661,0.07997948049554893,94.56655865667229
v86,542.3355786800385,0.07818084496232547,94.6447395016346
v234,535.5537128448486,0.07720319934536866,94.72194270097997
txn_count_24h,530.6272671222687,0.07649302338717368,94.79843572436714
v163,521.7828664779663,0.0752180513168555,94.87365377568399
v251,520.6282668113708,0.0750516090234191,94.94870538470741
v282,517.2900414466858,0.07457038431689895,95.02327576902431
v274,513.3369617462158,0.07400052476252793,95.09727629378683
v96,507.28250789642334,0.07312773983679205,95.17040403362363
v47,502.7968535423279,0.07248110653188211,95.24288514015551
v287,489.8807713985443,0.07061917776434398,95.31350431791985
v139,483.34630727767944,0.06967719655118332,95.38318151447103
v306,477.6568808555603,0.06885703246363656,95.45203854693467
v164,465.79612946510315,0.06714723579521424,95.51918578272989
v37,458.1541724205017,0.06604560300105597,95.58523138573095
v69,449.8024981021881,0.06484166031183564,95.65007304604279
v52,435.1363286972046,0.06272744623199802,95.7128004922748
m8,430.781619310379,0.062099689409817915,95.77490018168461
v129,428.28166675567627,0.06173930663063887,95.83663948831526
id_11,424.87164092063904,0.061247731466465734,95.89788721978172
v5,423.3950185775757,0.06103486772119585,95.95892208750291
v33,400.93241691589355,0.057796752342085686,96.016718839845
v204,397.0657708644867,0.05723935270364601,96.07395819254864
v94,393.6798529624939,0.05675125283899186,96.13070944538764
v271,391.5583791732788,0.05644542998700428,96.18715487537465
v81,390.96014308929443,0.05635919075732533,96.24351406613197
v79,388.53437995910645,0.056009502817511145,96.29952356894948
d7,382.4705910682678,0.055135372191022027,96.3546589411405
id_04,379.2533416748047,0.05467158687815788,96.40933052801866
v324,366.61135959625244,0.052849171237817065,96.46217969925648
v321,361.98784017562866,0.05218266387740407,96.51436236313388
id_32,357.33914518356323,0.051512527311154147,96.56587489044504
v124,346.5772695541382,0.04996114000933692,96.61583603045437
v270,341.52997279167175,0.04923354266706843,96.66506957312144
v26,339.1667137145996,0.048892865052002014,96.71396243817344
v145,335.20085167884827,0.04832116284925575,96.7622836010227
v277,326.45866775512695,0.0470609259169194,96.80934452693963
c3,319.0304503440857,0.04599010494077672,96.8553346318804
v263,318.9014835357666,0.045971513621226895,96.90130614550162
txn_count_1h,316.8222417831421,0.04567177876426477,96.94697792426588
v205,316.61530017852783,0.04564194692187305,96.99261987118776
v42,313.5770480632782,0.04520396511334611,97.0378238363011
v200,302.1919445991516,0.04356273587484534,97.08138657217594
v272,298.9689793586731,0.04309812658921064,97.12448469876516
v150,295.2949297428131,0.042568490853158544,97.16705318961831
v256,294.27688908576965,0.04242173433947495,97.20947492395779
v231,292.24250411987305,0.042128465850618746,97.25160338980841
v161,291.99405431747437,0.04209265035879812,97.2936960401672
device_type,288.1577024459839,0.041539617803537945,97.33523565797074
v34,279.36305809020996,0.04027181839315997,97.37550747636391
v279,275.5430700778961,0.03972114478388743,97.41522862114779
v166,270.04413080215454,0.03892844053236048,97.45415706168015
c7,268.8468198776245,0.03875584116133966,97.49291290284148
v222,262.19062852859497,0.03779631225644172,97.53070921509793
v224,261.1939733028412,0.03765263857772938,97.56836185367565
v268,253.2353732585907,0.03650535984360859,97.60486721351926
account_key_tier,253.15804600715637,0.03649421266814489,97.6413614261874
v151,251.7014980316162,0.036284242760337905,97.67764566894773
v126,246.04604029655457,0.03546897545766166,97.7131146444054
v7,245.25984811782837,0.035355641257856465,97.74847028566325
id_07,244.5581886768341,0.035254492946498704,97.78372477860974
m7,239.75766825675964,0.03456246985700536,97.81828724846675
v292,238.84533071517944,0.03443095106551248,97.85271819953226
v4,238.3908178806305,0.034365430382658255,97.88708362991493
v316,237.91232109069824,0.03429645227238986,97.92138008218731
v10,232.56371331214905,0.03352541918524338,97.95490550137255
v137,231.33659982681274,0.033348523600812516,97.98825402497336
v171,225.7238359451294,0.03253941086675213,98.0207934358401
v203,224.66961693763733,0.032387439032299244,98.05318087487241
v23,218.09625911712646,0.03143985106490454,98.08462072593731
v159,215.46771144866943,0.03106093054812066,98.11568165648544
v221,205.63328981399536,0.029643241162914023,98.14532489764835
v336,200.71050119400024,0.028933592397441456,98.17425849004579
v43,199.94910097122192,0.02882383210305658,98.20308232214884
v331,195.94750452041626,0.028246978575424013,98.23132930072427
v169,191.14578795433044,0.0275547830544887,98.25888408377875
v207,189.48663997650146,0.027315607171652642,98.28619969095041
v2,188.30318975448608,0.027145005901949477,98.31334469685235
v326,186.26963806152344,0.02685185753425925,98.34019655438661
id_24,184.30835962295532,0.02656912777880629,98.36676568216541
v216,183.81398844718933,0.026497861282994844,98.3932635434484
v141,177.61755990982056,0.02560460987585092,98.41886815332425
id_08,176.59571051597595,0.025457304310485932,98.44432545763475
v219,173.49422192573547,0.025010206594315135,98.46933566422906
v46,172.86639785766602,0.024919702083715224,98.49425536631279
v225,172.6834692955017,0.024893331861808417,98.51914869817459
v59,172.39203453063965,0.024851319836295054,98.54400001801089
v206,169.04201245307922,0.02436839456463288,98.56836841257552
v208,165.2906413078308,0.02382761247798347,98.59219602505351
v300,164.2107973098755,0.023671946651313724,98.61586797170483
v162,163.21163415908813,0.023527911440542757,98.63939588314537
v298,161.18064641952515,0.023235132681727753,98.6626310158271
id_16,159.52473068237305,0.022996422745285724,98.68562743857238
v288,158.21862125396729,0.022808139433734324,98.70843557800612
v134,158.16093015670776,0.022799822924716915,98.73123540093083
v178,157.1661992073059,0.02265642664169287,98.75389182757252
v319,153.74138879776,0.022162720194651833,98.77605454776717
v290,153.6885004043579,0.022155096023479183,98.79820964379066
v295,153.5191786289215,0.022130687299444594,98.8203403310901
v217,151.42393922805786,0.0218286462879429,98.84216897737804
v215,147.63483095169067,0.021282424173175656,98.86345140155122
id_37,144.94252920150757,0.02089431313271035,98.88434571468393
id_21,142.81119775772095,0.020587069242173867,98.9049327839261
v6,141.4719114303589,0.02039400328663671,98.92532678721274
v278,140.1746506690979,0.02020699556219662,98.94553378277493
v115,136.65700006484985,0.019699905658208238,98.96523368843314
v229,133.1248791217804,0.01919072977026375,98.9844244182034
v57,131.82132959365845,0.01900281548330722,99.00342723368671
v132,131.81697916984558,0.019002188344275587,99.02242942203098
v332,121.79519009590149,0.01755748884707111,99.03998691087806
is_degraded_key,120.08869934082031,0.01731148822605828,99.05729839910411
v135,119.97433996200562,0.01729500265288814,99.074593401757
v280,117.58628988265991,0.01695075126987913,99.09154415302687
v142,117.26745796203613,0.016904789784158433,99.10844894281104
v265,113.68376064300537,0.016388178860027375,99.12483712167106
v293,112.13363075256348,0.01616471857196908,99.14100184024304
v301,110.51611971855164,0.015931544898055393,99.15693338514109
v93,110.50913143157959,0.015930537495624515,99.17286392263671
v170,108.48718976974487,0.01563906278181079,99.18850298541852
v260,104.20725107192993,0.015022084591671548,99.2035250700102
v3,104.07803058624268,0.015003456703045726,99.21852852671324
v140,103.30898261070251,0.014892593940380165,99.23342112065362
v25,103.30636024475098,0.014892215910994022,99.2483133365646
v233,100.64880037307739,0.014509113115468248,99.26282244968007
v230,99.9362907409668,0.014406400685614804,99.27722885036569
v214,95.5704095363617,0.013777033380574807,99.29100588374627
v85,94.56106901168823,0.013631531041846182,99.30463741478812
v338,94.36000108718872,0.013602545924789225,99.3182399607129
v211,92.62170028686523,0.01335195969974616,99.33159192041265
v218,91.75419020652771,0.013226903048919027,99.34481882346157
v108,90.03951025009155,0.012979721906644695,99.35779854536821
v210,84.30642032623291,0.012153263470000807,99.36995180883821
v40,83.76603984832764,0.012075364464247573,99.38202717330246
v303,83.754150390625,0.01207365052939639,99.39410082383186
v228,81.48863983154297,0.01174706393478059,99.40584788776664
v180,81.02597951889038,0.011680368745315521,99.41752825651196
v109,80.09341955184937,0.011545934772942266,99.4290741912849
v11,77.20457053184509,0.01112949029422632,99.44020368157912
v105,76.73034763336182,0.011061128290401786,99.45126480986953
v16,76.71977972984314,0.01105960486531398,99.46232441473484
v182,74.65129947662354,0.010761421341418713,99.47308583607625
v18,73.93695092201233,0.010658443820133742,99.48374427989638
v80,73.20448017120361,0.01055285387829775,99.49429713377468
v276,72.40944027900696,0.010438244228858981,99.50473537800355
v212,71.8671293258667,0.010360066933812213,99.51509544493736
v190,68.39090943336487,0.009858949509187236,99.52495439444655
v51,67.82965087890625,0.009778040806614737,99.53473243525316
v334,67.54560089111328,0.009737093339898204,99.54446952859305
v239,67.13770008087158,0.009678292052910672,99.55414782064597
v235,65.07689094543457,0.00938121436550046,99.56352903501147
v232,64.59409952163696,0.0093116171586476,99.57284065217011
v97,62.30188035964966,0.008981180362745023,99.58182183253285
v286,61.79837989807129,0.008908597827000413,99.59073043035986
v248,61.61581087112427,0.008882279434197553,99.59961270979406
v179,61.166959285736084,0.008817574853513883,99.60843028464757
v335,60.9146785736084,0.008781207113654654,99.61721149176122
v273,60.666340351104736,0.008745407706728353,99.62595689946795
id_25,59.823620319366455,0.008623924686366071,99.63458082415431
v50,59.722370624542236,0.008609328950801754,99.64319015310511
v123,57.971150398254395,0.008356880314959863,99.65154703342007
v60,57.917969942092896,0.008349214041232612,99.6598962474613
v339,57.53551959991455,0.008294081588037478,99.66819032904934
v253,56.766979455947876,0.008183292032262767,99.6763736210816
v299,56.448368072509766,0.00813736233826697,99.68451098341986
id_36,53.54616022109985,0.007718992105888423,99.69222997552575
v238,53.540339946746826,0.007718153079306505,99.69994812860506
v275,53.4166693687439,0.0077003252423263465,99.70764845384738
v304,53.03032064437866,0.007644630814543266,99.71529308466192
v72,52.882689237594604,0.007623348883983877,99.7229164335459
v64,52.38196063041687,0.007551165927259477,99.73046759947316
v337,52.27885127067566,0.007536302110123025,99.73800390158328
v84,51.93773913383484,0.007487128800951558,99.74549103038423
v202,51.81376934051514,0.00746925783033383,99.75296028821457
id_23,51.150829792022705,0.007373691217893937,99.76033397943246
v148,50.184431076049805,0.0072343791919907965,99.76756835862444
v192,50.06823992729187,0.007217629558472104,99.77478598818291
v147,48.741259813308716,0.00702633761555384,99.78181232579847
v144,47.89011096954346,0.006903639532650573,99.78871596533112
v220,46.67595100402832,0.006728611273847358,99.79544457660496
id_26,46.22239947319031,0.006663229168544265,99.8021078057735
v154,43.79154062271118,0.006312806650853006,99.80842061242436
v168,43.39379072189331,0.006255468676816145,99.81467608110117
id_15,42.89478063583374,0.006183533454959943,99.82085961455613
v103,42.12366032600403,0.006072371953188611,99.82693198650932
v243,41.83329963684082,0.006030514761967869,99.8329625012713
v100,41.4824800491333,0.005979942066989858,99.83894244333828
v95,40.0573296546936,0.005774498304095185,99.84471694164237
v112,39.48433017730713,0.0056918970788278405,99.85040883872121
v284,37.372129917144775,0.005387411060279977,99.85579624978149
v15,36.589499950408936,0.005274590374163157,99.86107084015565
id_10,33.221880197525024,0.004789128294701077,99.86585996845035
v125,33.03640007972717,0.0047623902511295295,99.87062235870148
v110,30.9271297454834,0.004458326598535508,99.87508068530002
v31,30.433500289916992,0.004387167026028016,99.87946785232604
v242,30.254779815673828,0.004361403424601746,99.88382925575064
v8,30.00892972946167,0.004325962697071187,99.88815521844771
v9,29.19246006011963,0.004208263819946752,99.89236348226765
v213,27.581649780273438,0.0039760560989285584,99.89633953836659
v198,27.00529956817627,0.003892971845659318,99.90023251021225
v73,26.65849018096924,0.003842977244533014,99.90407548745678
v183,26.476219177246094,0.00381670181352056,99.9078921892703
v172,26.178860664367676,0.003773835845091646,99.9116660251154
v101,25.31029963493347,0.0036486276938068212,99.9153146528092
v193,24.438779830932617,0.0035229930178668437,99.91883764582707
v146,24.20890998840332,0.003489855935907299,99.92232750176298
v17,23.824270248413086,0.0034344078682151244,99.92576190963119
v63,23.285130262374878,0.0033566876866182776,99.92911859731781
v21,22.613890171051025,0.003259924502391989,99.9323785218202
v121,22.002469539642334,0.003171784643105473,99.9355503064633
v175,21.901700496673584,0.003157258196316723,99.93870756465961
v176,21.80666971206665,0.0031435589530251695,99.94185112361264
v186,21.40628957748413,0.003085841815410899,99.94493696542804
v227,19.824040412902832,0.0028577513461686445,99.94779471677421
v199,19.535969495773315,0.002816224238975951,99.95061094101318
v226,18.574499130249023,0.002677622663608401,99.9532885636768
v330,18.015589714050293,0.0025970526030525986,99.95588561627984
v252,17.524799346923828,0.0025263023017452336,99.95841191858159
v32,17.047030448913574,0.0024574291213537297,99.96086934770294
v185,16.903130054473877,0.0024366850380407954,99.96330603274097
v167,16.01207971572876,0.002308234921313051,99.96561426766229
v329,15.800159931182861,0.0022776854451743906,99.96789195310747
v181,15.74974012374878,0.0022704171351040315,99.97016237024258
v244,15.526570320129395,0.0022382459029316845,99.9724006161455
v302,15.473399639129639,0.0022305810383511596,99.97463119718385
v22,15.27908992767334,0.0022025701572228875,99.97683376734108
v157,13.70723009109497,0.0019759773703636268,99.97880974471144
v191,13.666709899902344,0.0019701361478622658,99.9807798808593
v111,11.97189998626709,0.0017258193884473316,99.98250570024776
id_28,11.70166015625,0.0016868627367287914,99.98419256298449
id_29,10.090620040893555,0.001454621883577836,99.98564718486807
v297,9.61620044708252,0.001386231524971634,99.98703341639305
v158,9.343290328979492,0.001346889935611054,99.98838030632865
v246,9.01006007194519,0.001298852845502819,99.98967915917416
v92,8.296600341796875,0.001196003453461557,99.99087516262762
v250,7.985590219497681,0.0011511695257071465,99.99202633215333
v116,7.5610198974609375,0.00108996523111975,99.99311629738445
v174,6.307159900665283,0.0009092139806623717,99.99402551136511
v236,5.815189838409424,0.0008382936194038623,99.99486380498452
v98,5.754670143127441,0.0008295693514413519,99.99569337433596
v184,4.950920104980469,0.000713704083531455,99.9964070784195
v106,4.846049785614014,0.00069858641376785,99.99710566483326
v104,4.603209972381592,0.0006635796346898267,99.99776924446795
v114,4.32705020904541,0.0006237695899666569,99.99839301405791
v188,4.244379997253418,0.0006118521955245611,99.99900486625343
id_12,3.5931999683380127,0.0005179807865952326,99.99952284704003
v197,3.3099799156188965,0.00047715295987262285,99.9999999999999
v328,0.0,0.0,99.9999999999999
v122,0.0,0.0,99.9999999999999
id_22,0.0,0.0,99.9999999999999
v153,0.0,0.0,99.9999999999999
v138,0.0,0.0,99.9999999999999
v88,0.0,0.0,99.9999999999999
v89,0.0,0.0,99.9999999999999
id_27,0.0,0.0,99.9999999999999
m1,0.0,0.0,99.9999999999999
v120,0.0,0.0,99.9999999999999
v173,0.0,0.0,99.9999999999999
v119,0.0,0.0,99.9999999999999
v118,0.0,0.0,99.9999999999999
v117,0.0,0.0,99.9999999999999
id_34,0.0,0.0,99.9999999999999
id_35,0.0,0.0,99.9999999999999
v113,0.0,0.0,99.9999999999999
v107,0.0,0.0,99.9999999999999
has_identity,0.0,0.0,99.9999999999999
v155,0.0,0.0,99.9999999999999
v1,0.0,0.0,99.9999999999999
v177,0.0,0.0,99.9999999999999
v327,0.0,0.0,99.9999999999999
v325,0.0,0.0,99.9999999999999
v14,0.0,0.0,99.9999999999999
v27,0.0,0.0,99.9999999999999
v28,0.0,0.0,99.9999999999999
v305,0.0,0.0,99.9999999999999
v41,0.0,0.0,99.9999999999999
v269,0.0,0.0,99.9999999999999
v255,0.0,0.0,99.9999999999999
v254,0.0,0.0,99.9999999999999
v249,0.0,0.0,99.9999999999999
v247,0.0,0.0,99.9999999999999
v241,0.0,0.0,99.9999999999999
v237,0.0,0.0,99.9999999999999
v65,0.0,0.0,99.9999999999999
v68,0.0,0.0,99.9999999999999
v196,0.0,0.0,99.9999999999999
v195,0.0,0.0,99.9999999999999
v194,0.0,0.0,99.9999999999999
v71,0.0,0.0,99.9999999999999
v240,0.0,0.0,99.9999999999999
